sequence,position,acc
M,1,NULL
F,2,NULL
V,3,NULL
F,4,NULL
L,5,NULL
V,6,NULL
L,7,NULL
L,8,NULL
P,9,NULL
L,10,NULL
V,11,NULL
S,12,NULL
S,13,NULL
Q,14,147.0
C,15,67.0
V,16,30.0
N,17,98.0
L,18,8.0
T,19,88.0
T,20,80.0
R,21,80.0
T,22,68.0
Q,23,155.0
L,24,97.0
P,25,109.0
P,26,89.0
A,27,28.0
Y,28,136.0
T,29,20.0
N,30,59.0
S,31,1.0
F,32,35.0
T,33,31.0
R,34,18.0
G,35,1.0
V,36,1.0
Y,37,0.0
Y,38,7.0
P,39,14.0
D,40,78.0
K,41,55.0
V,42,7.0
F,43,4.0
R,44,13.0
S,45,25.0
S,46,74.0
V,47,19.0
L,48,61.0
H,49,44.0
S,50,47.0
T,51,23.0
Q,52,134.0
D,53,39.0
L,54,32.0
F,55,0.0
L,56,1.0
P,57,9.0
F,58,14.0
F,59,99.0
S,60,27.0
N,61,120.0
V,62,1.0
T,63,41.0
W,64,51.0
F,65,12.0
H,66,51.0
A,67,4.0
I,68,89.0
S,69,NULL
G,70,NULL
T,71,NULL
N,72,NULL
G,73,NULL
T,74,NULL
K,75,NULL
R,76,NULL
F,77,170.0
D,78,23.0
N,79,24.0
P,80,30.0
V,81,22.0
L,82,58.0
P,83,68.0
F,84,24.0
N,85,72.0
D,86,9.0
G,87,71.0
V,88,105.0
Y,89,1.0
F,90,0.0
A,91,0.0
S,92,0.0
T,93,0.0
E,94,3.0
K,95,1.0
S,96,8.0
N,97,26.0
I,98,33.0
I,99,54.0
R,100,17.0
G,101,15.0
W,102,22.0
I,103,0.0
F,104,21.0
G,105,1.0
T,106,0.0
T,107,0.0
L,108,48.0
D,109,33.0
S,110,25.0
K,111,61.0
T,112,46.0
Q,113,159.0
S,114,47.0
L,115,41.0
L,116,1.0
I,117,0.0
V,118,8.0
N,119,9.0
N,120,12.0
A,121,43.0
T,122,46.0
N,123,46.0
V,124,64.0
V,125,28.0
I,126,48.0
K,127,25.0
V,128,6.0
C,129,69.0
E,130,1.0
F,131,0.0
Q,132,48.0
F,133,2.0
C,134,64.0
N,135,10.0
D,136,9.0
P,137,126.0
F,138,38.0
L,139,11.0
G,140,2.0
V,141,7.0
Y,142,0.0
H,143,15.0
K,144,116.0
N,145,NULL
N,146,91.0
K,147,105.0
S,148,150.0
W,149,133.0
M,150,173.0
E,151,46.0
S,152,84.0
E,153,97.0
F,154,81.0
R,155,72.0
V,156,36.0
Y,157,129.0
S,158,39.0
S,159,8.0
A,160,82.0
N,161,73.0
N,162,51.0
C,163,30.0
T,164,120.0
F,165,76.0
E,166,63.0
Y,167,90.0
V,168,54.0
S,169,90.0
Q,170,120.0
P,171,83.0
F,172,24.0
L,173,173.0
M,174,98.0
D,175,84.0
L,176,157.0
E,177,29.0
G,178,99.0
K,179,46.0
Q,180,92.0
G,181,30.0
N,182,183.0
F,183,103.0
K,184,74.0
N,185,57.0
L,186,27.0
R,187,98.0
E,188,32.0
F,189,0.0
V,190,64.0
F,191,0.0
K,192,27.0
N,193,0.0
I,194,1.0
D,195,7.0
G,196,38.0
Y,197,69.0
F,198,100.0
K,199,16.0
I,200,45.0
Y,201,0.0
S,202,30.0
K,203,10.0
H,204,14.0
T,205,12.0
P,206,41.0
I,207,107.0
N,208,25.0
L,209,117.0
V,210,13.0
R,211,122.0
D,212,62.0
L,213,90.0
P,214,190.0
Q,215,52.0
G,216,3.0
F,217,14.0
S,218,122.0
A,219,34.0
L,220,54.0
E,221,35.0
P,222,3.0
L,223,0.0
V,224,50.0
D,225,22.0
L,226,108.0
P,227,48.0
I,228,53.0
G,229,12.0
I,230,50.0
N,231,12.0
I,232,58.0
T,233,21.0
R,234,104.0
F,235,16.0
Q,236,67.0
T,237,89.0
L,238,3.0
L,239,11.0
A,240,3.0
L,241,0.0
H,242,1.0
R,243,9.0
S,244,16.0
Y,245,NULL
L,246,NULL
T,247,NULL
P,248,NULL
G,249,NULL
D,250,NULL
S,251,NULL
S,252,NULL
S,253,NULL
G,254,154.0
W,255,71.0
T,256,38.0
A,257,67.0
G,258,51.0
A,259,88.0
A,260,20.0
A,261,20.0
Y,262,58.0
Y,263,2.0
V,264,4.0
G,265,2.0
Y,266,0.0
L,267,3.0
Q,268,6.0
P,269,79.0
R,270,4.0
T,271,92.0
F,272,83.0
L,273,55.0
L,274,46.0
K,275,1.0
Y,276,0.0
N,277,0.0
E,278,72.0
N,279,1.0
G,280,29.0
T,281,148.0
I,282,97.0
T,283,0.0
D,284,47.0
A,285,8.0
V,286,58.0
D,287,73.0
C,288,11.0
A,289,14.0
L,290,1.0
D,291,13.0
P,292,60.0
L,293,64.0
S,294,68.0
E,295,45.0
T,296,7.0
K,297,6.0
C,298,54.0
T,299,0.0
L,300,34.0
K,301,20.0
S,302,60.0
F,303,62.0
T,304,110.0
V,305,32.0
E,306,31.0
K,307,86.0
G,308,3.0
I,309,133.0
Y,310,103.0
Q,311,15.0
T,312,51.0
S,313,49.0
N,314,62.0
F,315,5.0
R,316,72.0
V,317,51.0
Q,318,39.0
P,319,65.0
T,320,34.0
E,321,123.0
S,322,39.0
I,323,91.0
V,324,91.0
R,325,76.0
F,326,2.0
P,327,21.0
N,328,20.0
I,329,5.0
T,330,40.0
N,331,113.0
L,332,56.0
C,333,127.0
P,334,74.0
F,335,139.0
G,336,16.0
E,337,45.0
V,338,24.0
F,339,40.0
N,340,109.0
A,341,7.0
T,342,12.0
R,343,141.0
F,344,21.0
A,345,133.0
S,346,181.0
V,347,10.0
Y,348,26.0
A,349,13.0
W,350,0.0
N,351,60.0
R,352,24.0
K,353,7.0
R,354,79.0
I,355,80.0
S,356,73.0
N,357,73.0
C,358,1.0
V,359,53.0
A,360,102.0
D,361,6.0
Y,362,29.0
S,363,0.0
V,364,46.0
L,365,2.0
Y,366,43.0
N,367,80.0
S,368,10.0
A,369,75.0
S,370,115.0
F,371,42.0
S,372,103.0
T,373,72.0
F,374,33.0
K,375,64.0
C,376,39.0
Y,377,34.0
G,378,92.0
V,379,30.0
S,380,71.0
P,381,5.0
T,382,3.0
K,383,11.0
L,384,22.0
N,385,66.0
D,386,55.0
L,387,3.0
C,388,30.0
F,389,53.0
T,390,1.0
N,391,1.0
V,392,0.0
Y,393,13.0
A,394,7.0
D,395,0.0
S,396,19.0
F,397,0.0
V,398,0.0
I,399,10.0
R,400,0.0
G,401,1.0
D,402,0.0
E,403,58.0
V,404,10.0
R,405,82.0
Q,406,11.0
I,407,20.0
A,408,120.0
P,409,15.0
G,410,5.0
Q,411,20.0
T,412,31.0
G,413,29.0
K,414,53.0
I,415,42.0
A,416,15.0
D,417,80.0
Y,418,0.0
N,419,4.0
Y,420,33.0
K,421,70.0
L,422,5.0
P,423,3.0
D,424,32.0
D,425,5.0
F,426,25.0
T,427,102.0
G,428,135.0
C,429,8.0
V,430,34.0
I,431,0.0
A,432,3.0
W,433,3.0
N,434,0.0
S,435,4.0
N,436,38.0
N,437,44.0
L,438,3.0
D,439,23.0
S,440,141.0
K,441,118.0
V,442,14.0
G,443,23.0
G,444,120.0
N,445,113.0
Y,446,45.0
N,447,7.0
Y,448,26.0
L,449,125.0
Y,450,107.0
R,451,15.0
L,452,33.0
F,453,29.0
R,454,7.0
K,455,59.0
S,456,40.0
N,457,34.0
L,458,170.0
K,459,81.0
P,460,111.0
F,461,13.0
E,462,139.0
R,463,55.0
D,464,61.0
I,465,55.0
S,466,141.0
T,467,30.0
E,468,119.0
I,469,42.0
Y,470,62.0
Q,471,128.0
A,472,38.0
G,473,63.0
S,474,80.0
T,475,54.0
P,476,21.0
C,477,133.0
N,478,88.0
G,479,92.0
V,480,26.0
E,481,155.0
G,482,61.0
F,483,133.0
N,484,125.0
C,485,30.0
Y,486,177.0
F,487,77.0
P,488,4.0
L,489,114.0
Q,490,106.0
S,491,2.0
Y,492,20.0
G,493,78.0
F,494,27.0
Q,495,9.0
P,496,18.0
T,497,5.0
Y,498,41.0
G,499,67.0
V,500,113.0
G,501,93.0
Y,502,43.0
Q,503,101.0
P,504,4.0
Y,505,124.0
R,506,23.0
V,507,0.0
V,508,32.0
V,509,8.0
L,510,2.0
S,511,0.0
F,512,0.0
E,513,3.0
L,514,10.0
L,515,6.0
H,516,85.0
A,517,15.0
P,518,28.0
A,519,95.0
T,520,28.0
V,521,47.0
C,522,22.0
G,523,46.0
P,524,1.0
K,525,11.0
K,526,4.0
S,527,53.0
T,528,79.0
N,529,187.0
L,530,36.0
V,531,54.0
K,532,138.0
N,533,34.0
K,534,29.0
C,535,70.0
V,536,106.0
N,537,119.0
F,538,10.0
N,539,0.0
F,540,63.0
N,541,13.0
G,542,20.0
L,543,0.0
T,544,7.0
G,545,3.0
T,546,28.0
G,547,46.0
V,548,12.0
L,549,14.0
T,550,0.0
E,551,31.0
S,552,0.0
N,553,45.0
K,554,98.0
K,555,22.0
F,556,136.0
L,557,56.0
P,558,145.0
F,559,21.0
Q,560,54.0
Q,561,110.0
F,562,25.0
G,563,1.0
R,564,22.0
D,565,10.0
I,566,0.0
D,567,59.0
D,568,23.0
T,569,98.0
T,570,31.0
D,571,65.0
A,572,36.0
V,573,31.0
R,574,28.0
D,575,0.0
P,576,0.0
Q,577,33.0
T,578,1.0
L,579,25.0
E,580,58.0
I,581,59.0
L,582,130.0
D,583,103.0
I,584,24.0
T,585,3.0
P,586,36.0
C,587,8.0
S,588,70.0
F,589,32.0
G,590,11.0
G,591,27.0
V,592,30.0
S,593,3.0
V,594,8.0
I,595,11.0
T,596,10.0
P,597,0.0
G,598,2.0
T,599,2.0
N,600,9.0
T,601,5.0
S,602,32.0
N,603,162.0
Q,604,85.0
V,605,21.0
A,606,108.0
V,607,87.0
L,608,27.0
Y,609,1.0
Q,610,9.0
G,611,5.0
V,612,48.0
N,613,23.0
C,614,68.0
T,615,7.0
E,616,93.0
V,617,31.0
P,618,103.0
V,619,81.0
A,620,38.0
I,621,150.0
H,622,NULL
A,623,NULL
D,624,NULL
Q,625,NULL
L,626,NULL
T,627,NULL
P,628,NULL
T,629,NULL
W,630,NULL
R,631,NULL
V,632,NULL
Y,633,NULL
S,634,NULL
T,635,NULL
G,636,NULL
S,637,NULL
N,638,NULL
V,639,NULL
F,640,165.0
Q,641,88.0
T,642,75.0
R,643,33.0
A,644,77.0
G,645,11.0
C,646,213.0
L,647,5.0
I,648,1.0
G,649,0.0
A,650,0.0
E,651,44.0
H,652,19.0
V,653,2.0
N,654,97.0
N,655,95.0
S,656,27.0
Y,657,150.0
E,658,104.0
C,659,62.0
D,660,84.0
I,661,135.0
P,662,39.0
I,663,59.0
G,664,4.0
A,665,52.0
G,666,18.0
I,667,1.0
C,668,17.0
A,669,2.0
S,670,13.0
Y,671,0.0
Q,672,0.0
T,673,11.0
Q,674,48.0
T,675,60.0
N,676,129.0
S,677,NULL
H,678,NULL
R,679,NULL
R,680,NULL
A,681,NULL
R,682,NULL
S,683,NULL
V,684,NULL
A,685,NULL
S,686,NULL
Q,687,NULL
S,688,NULL
I,689,139.0
I,690,89.0
A,691,20.0
Y,692,3.0
T,693,10.0
M,694,0.0
S,695,2.0
L,696,68.0
G,697,10.0
A,698,41.0
E,699,10.0
N,700,23.0
S,701,59.0
V,702,116.0
A,703,60.0
Y,704,67.0
S,705,11.0
N,706,71.0
N,707,21.0
S,708,43.0
I,709,87.0
A,710,70.0
I,711,23.0
P,712,8.0
I,713,6.0
N,714,1.0
F,715,0.0
T,716,73.0
I,717,45.0
S,718,1.0
V,719,58.0
T,720,4.0
T,721,28.0
E,722,15.0
I,723,51.0
L,724,40.0
P,725,50.0
V,726,13.0
S,727,12.0
M,728,13.0
T,729,1.0
K,730,13.0
T,731,5.0
S,732,44.0
V,733,24.0
D,734,8.0
C,735,13.0
T,736,2.0
M,737,16.0
Y,738,1.0
I,739,47.0
C,740,12.0
G,741,3.0
D,742,0.0
S,743,2.0
T,744,22.0
E,745,60.0
C,746,8.0
S,747,93.0
N,748,81.0
L,749,0.0
L,750,37.0
L,751,94.0
Q,752,11.0
Y,753,8.0
G,754,126.0
S,755,60.0
F,756,13.0
C,757,27.0
T,758,29.0
Q,759,1.0
L,760,22.0
N,761,72.0
R,762,20.0
A,763,9.0
L,764,39.0
T,765,111.0
G,766,13.0
I,767,5.0
A,768,58.0
V,769,44.0
E,770,13.0
Q,771,7.0
D,772,85.0
K,773,50.0
N,774,4.0
T,775,24.0
Q,776,99.0
E,777,1.0
V,778,13.0
F,779,69.0
A,780,95.0
Q,781,0.0
V,782,4.0
K,783,29.0
Q,784,32.0
I,785,8.0
Y,786,179.0
K,787,70.0
T,788,8.0
P,789,11.0
P,790,99.0
I,791,37.0
K,792,8.0
D,793,126.0
F,794,116.0
G,795,112.0
G,796,65.0
F,797,4.0
N,798,20.0
F,799,48.0
S,800,7.0
Q,801,87.0
I,802,5.0
L,803,60.0
P,804,47.0
D,805,3.0
P,806,10.0
S,807,37.0
K,808,67.0
P,809,97.0
S,810,96.0
K,811,78.0
R,812,130.0
S,813,24.0
F,814,103.0
I,815,26.0
E,816,0.0
D,817,90.0
L,818,0.0
L,819,5.0
F,820,25.0
N,821,27.0
K,822,0.0
V,823,77.0
T,824,114.0
L,825,57.0
A,826,17.0
D,827,142.0
A,828,NULL
G,829,NULL
F,830,NULL
I,831,NULL
K,832,NULL
Q,833,NULL
Y,834,NULL
G,835,NULL
D,836,NULL
C,837,NULL
L,838,NULL
G,839,NULL
D,840,NULL
I,841,NULL
A,842,NULL
A,843,NULL
R,844,NULL
D,845,NULL
L,846,NULL
I,847,NULL
C,848,NULL
A,849,NULL
Q,850,NULL
K,851,NULL
F,852,NULL
N,853,NULL
G,854,120.0
L,855,60.0
T,856,9.0
V,857,0.0
L,858,26.0
P,859,40.0
P,860,99.0
L,861,38.0
L,862,36.0
T,863,54.0
D,864,6.0
E,865,5.0
M,866,34.0
I,867,71.0
A,868,64.0
Q,869,12.0
Y,870,9.0
T,871,2.0
S,872,69.0
A,873,15.0
L,874,1.0
L,875,25.0
A,876,0.0
G,877,0.0
T,878,0.0
I,879,1.0
T,880,0.0
S,881,0.0
G,882,1.0
W,883,0.0
T,884,0.0
F,885,5.0
G,886,55.0
A,887,14.0
G,888,1.0
A,889,4.0
A,890,5.0
L,891,11.0
Q,892,37.0
I,893,14.0
P,894,8.0
F,895,16.0
A,896,14.0
M,897,5.0
Q,898,1.0
M,899,14.0
A,900,7.0
Y,901,4.0
R,902,3.0
F,903,0.0
N,904,16.0
G,905,1.0
I,906,0.0
G,907,56.0
V,908,18.0
T,909,17.0
Q,910,46.0
N,911,0.0
V,912,36.0
L,913,3.0
Y,914,0.0
E,915,0.0
N,916,0.0
Q,917,4.0
K,918,55.0
L,919,40.0
I,920,9.0
A,921,151.0
N,922,69.0
Q,923,0.0
F,924,3.0
N,925,99.0
S,926,41.0
A,927,4.0
I,928,44.0
G,929,76.0
K,930,5.0
I,931,5.0
Q,932,22.0
D,933,142.0
S,934,10.0
L,935,45.0
S,936,105.0
S,937,51.0
T,938,1.0
A,939,70.0
S,940,100.0
A,941,55.0
L,942,80.0
G,943,90.0
K,944,24.0
L,945,2.0
Q,946,36.0
D,947,115.0
V,948,3.0
V,949,37.0
N,950,92.0
Q,951,12.0
N,952,39.0
A,953,84.0
Q,954,56.0
A,955,5.0
L,956,59.0
N,957,80.0
T,958,9.0
L,959,30.0
V,960,100.0
K,961,11.0
Q,962,4.0
L,963,11.0
S,964,82.0
S,965,3.0
N,966,26.0
F,967,29.0
G,968,12.0
A,969,58.0
I,970,5.0
S,971,25.0
S,972,7.0
V,973,72.0
L,974,14.0
N,975,20.0
D,976,70.0
I,977,11.0
L,978,39.0
A,979,22.0
R,980,0.0
L,981,37.0
D,982,15.0
K,983,21.0
V,984,12.0
E,985,55.0
A,986,112.0
E,987,78.0
V,988,75.0
Q,989,1.0
I,990,59.0
D,991,87.0
R,992,26.0
L,993,0.0
I,994,17.0
T,995,83.0
G,996,0.0
R,997,0.0
L,998,54.0
Q,999,3.0
S,1000,13.0
L,1001,1.0
Q,1002,29.0
T,1003,4.0
Y,1004,1.0
V,1005,26.0
T,1006,18.0
Q,1007,3.0
Q,1008,3.0
L,1009,26.0
I,1010,29.0
R,1011,3.0
A,1012,25.0
A,1013,15.0
E,1014,31.0
I,1015,4.0
R,1016,23.0
A,1017,73.0
S,1018,5.0
A,1019,31.0
N,1020,55.0
L,1021,20.0
A,1022,0.0
A,1023,72.0
T,1024,66.0
K,1025,0.0
M,1026,10.0
S,1027,40.0
E,1028,12.0
C,1029,0.0
V,1030,11.0
L,1031,6.0
G,1032,0.0
Q,1033,0.0
S,1034,2.0
K,1035,0.0
R,1036,26.0
V,1037,13.0
D,1038,131.0
F,1039,28.0
C,1040,29.0
G,1041,60.0
K,1042,15.0
G,1043,4.0
Y,1044,17.0
H,1045,97.0
L,1046,8.0
M,1047,38.0
S,1048,12.0
F,1049,0.0
P,1050,2.0
Q,1051,0.0
S,1052,0.0
A,1053,0.0
P,1054,1.0
H,1055,8.0
G,1056,9.0
V,1057,17.0
V,1058,62.0
F,1059,3.0
L,1060,0.0
H,1061,0.0
V,1062,0.0
T,1063,0.0
Y,1064,1.0
V,1065,3.0
P,1066,0.0
A,1067,0.0
Q,1068,24.0
E,1069,4.0
K,1070,34.0
N,1071,112.0
F,1072,96.0
T,1073,89.0
T,1074,107.0
A,1075,9.0
P,1076,59.0
A,1077,5.0
I,1078,2.0
C,1079,13.0
H,1080,0.0
D,1081,0.0
G,1082,19.0
K,1083,68.0
A,1084,116.0
H,1085,40.0
F,1086,115.0
P,1087,0.0
R,1088,8.0
E,1089,0.0
G,1090,2.0
V,1091,115.0
F,1092,129.0
V,1093,2.0
S,1094,1.0
N,1095,0.0
G,1096,0.0
T,1097,5.0
H,1098,84.0
W,1099,62.0
F,1100,105.0
V,1101,118.0
T,1102,42.0
Q,1103,34.0
R,1104,5.0
N,1105,5.0
F,1106,14.0
Y,1107,58.0
E,1108,13.0
P,1109,19.0
Q,1110,52.0
I,1111,31.0
I,1112,52.0
T,1113,65.0
T,1114,102.0
H,1115,4.0
N,1116,21.0
T,1117,63.0
F,1118,96.0
V,1119,36.0
S,1120,2.0
G,1121,32.0
N,1122,62.0
C,1123,18.0
D,1124,47.0
V,1125,85.0
V,1126,26.0
I,1127,128.0
G,1128,70.0
I,1129,7.0
V,1130,88.0
N,1131,54.0
N,1132,38.0
T,1133,37.0
V,1134,137.0
Y,1135,53.0
D,1136,85.0
P,1137,7.0
L,1138,113.0
Q,1139,60.0
P,1140,41.0
E,1141,38.0
L,1142,96.0
D,1143,45.0
S,1144,97.0
F,1145,13.0
K,1146,63.0
E,1147,57.0
E,1148,43.0
L,1149,68.0
D,1150,98.0
K,1151,57.0
Y,1152,6.0
F,1153,59.0
K,1154,162.0
N,1155,99.0
H,1156,15.0
T,1157,130.0
S,1158,113.0
P,1159,31.0
D,1160,92.0
V,1161,89.0
D,1162,126.0
L,1163,NULL
G,1164,NULL
D,1165,NULL
I,1166,NULL
S,1167,NULL
G,1168,NULL
I,1169,NULL
N,1170,NULL
A,1171,NULL
S,1172,NULL
V,1173,NULL
V,1174,NULL
N,1175,NULL
I,1176,NULL
Q,1177,NULL
K,1178,NULL
E,1179,NULL
I,1180,NULL
D,1181,NULL
R,1182,NULL
L,1183,NULL
N,1184,NULL
E,1185,NULL
V,1186,NULL
A,1187,NULL
K,1188,NULL
N,1189,NULL
L,1190,NULL
N,1191,NULL
E,1192,NULL
S,1193,NULL
L,1194,NULL
I,1195,NULL
D,1196,NULL
L,1197,NULL
Q,1198,NULL
E,1199,NULL
L,1200,NULL
G,1201,NULL
K,1202,NULL
Y,1203,NULL
E,1204,NULL
Q,1205,NULL
Y,1206,NULL
I,1207,NULL
K,1208,NULL
W,1209,NULL
P,1210,NULL
W,1211,NULL
Y,1212,NULL
I,1213,NULL
W,1214,NULL
L,1215,NULL
G,1216,NULL
F,1217,NULL
I,1218,NULL
A,1219,NULL
G,1220,NULL
L,1221,NULL
I,1222,NULL
A,1223,NULL
I,1224,NULL
V,1225,NULL
M,1226,NULL
V,1227,NULL
T,1228,NULL
I,1229,NULL
M,1230,NULL
L,1231,NULL
C,1232,NULL
C,1233,NULL
M,1234,NULL
T,1235,NULL
S,1236,NULL
C,1237,NULL
C,1238,NULL
S,1239,NULL
C,1240,NULL
L,1241,NULL
K,1242,NULL
G,1243,NULL
C,1244,NULL
C,1245,NULL
S,1246,NULL
C,1247,NULL
G,1248,NULL
S,1249,NULL
C,1250,NULL
C,1251,NULL
K,1252,NULL
F,1253,NULL
D,1254,NULL
E,1255,NULL
D,1256,NULL
D,1257,NULL
S,1258,NULL
E,1259,NULL
P,1260,NULL
V,1261,NULL
L,1262,NULL
K,1263,NULL
G,1264,NULL
V,1265,NULL
K,1266,NULL
L,1267,NULL
H,1268,NULL
Y,1269,NULL
T,1270,NULL
S,1271,NULL
G,1272,NULL
G,1273,NULL
G,1274,NULL
S,1275,NULL
A,1276,NULL
W,1277,NULL
S,1278,NULL
H,1279,NULL
P,1280,NULL
Q,1281,NULL
F,1282,NULL
E,1283,NULL
K,1284,NULL
G,1285,NULL
G,1286,NULL
G,1287,NULL
S,1288,NULL
G,1289,NULL
G,1290,NULL
G,1291,NULL
S,1292,NULL
G,1293,NULL
G,1294,NULL
S,1295,NULL
S,1296,NULL
A,1297,NULL
W,1298,NULL
S,1299,NULL
H,1300,NULL
P,1301,NULL
Q,1302,NULL
F,1303,NULL
E,1304,NULL
K,1305,NULL
